{
    "accuracy": 0.5324601366742597,
    "precision": 0.5273570517951359,
    "recall": 0.5324601366742597,
    "f1": 0.5268830026879385
}