model,accuracy_mean,accuracy_std,precision_mean,precision_std,recall_mean,recall_std,f1_mean,f1_std
random_forest,0.5407220502436904,0.012104127649789263,0.5359289055746856,0.013462150701097872,0.5407220502436904,0.012104127649789263,0.5355752023461029,0.012209885052310101
xgboost,0.5654421146220691,0.009817088439626694,0.5662287082254285,0.007845767176769403,0.5654421146220691,0.009817088439626694,0.5647027210452908,0.00911579972922387
